1	0
1	1
1	2
1	3
1	4
1	5
1	6
1	7
1	8
1	9
1	10
1	16
1	12
1	18
1	15
1	17
1	19
1	13
1	14
1	11
2	11
2	9
2	0
2	12
2	6
2	1
2	13
2	14
2	5
2	16
2	10
2	18
2	2
2	15
2	7
2	17
2	4
2	19
2	8
2	3
3	1
3	14
3	9
3	8
3	11
3	15
3	0
3	2
3	12
3	16
3	13
3	10
3	18
3	7
3	17
3	4
3	6
3	19
3	5
3	3
4	0
4	15
4	17
4	11
4	8
4	6
4	4
4	16
4	10
4	12
4	2
4	7
4	18
4	19
4	5
4	1
4	13
4	9
4	14
4	3
5	9
5	5
5	3
5	10
5	15
5	18
5	4
5	6
5	17
5	8
5	1
5	16
5	12
5	2
5	0
5	7
5	19
5	13
5	14
5	11
6	8
6	14
6	16
6	5
6	0
6	11
6	7
6	3
6	2
6	1
6	9
6	10
6	12
6	18
6	15
6	17
6	4
6	6
6	19
6	13
14	20
14	21
14	22
14	23
14	24
14	25
14	26
14	27
14	28
14	29
14	30
14	31
14	32
14	73
14	69
14	56
14	57
14	47
14	72
14	48
14	71
14	55
14	74
14	79
14	54
14	33
14	14
14	11
14	16
14	61
14	50
14	38
14	70
14	35
14	49
14	44
14	41
14	64
14	76
14	77
14	8
14	66
14	45
14	58
14	46
14	53
14	34
14	37
14	3
14	52
14	62
14	39
14	18
14	85
14	63
14	40
14	42
14	43
14	75
14	51
14	65
14	78
14	36
15	33
15	34
15	35
15	36
15	37
15	20
15	11
15	38
15	39
15	40
15	41
15	22
15	30
15	27
15	32
15	42
15	43
15	44
15	24
15	45
15	28
15	46
15	21
15	3
15	73
15	69
15	56
15	57
15	47
15	72
15	23
15	48
15	71
15	55
15	79
15	54
15	31
15	14
15	16
15	61
15	50
15	70
15	26
15	49
15	64
15	76
15	77
15	8
15	66
15	58
15	53
15	29
15	52
15	62
15	18
15	85
15	63
15	75
15	51
15	65
15	25
15	78
15	74
16	47
16	3
16	48
16	25
16	32
16	36
16	49
16	50
16	51
16	52
16	53
16	27
16	38
16	54
16	40
16	43
16	55
16	28
16	22
16	56
16	57
16	58
16	21
16	26
16	47
16	73
16	69
16	72
16	23
16	71
16	79
16	31
16	33
16	14
16	11
16	16
16	61
16	70
16	35
16	44
16	41
16	64
16	76
16	77
16	8
16	66
16	24
16	20
16	45
16	46
16	34
16	37
16	29
16	62
16	39
16	18
16	85
16	63
16	42
16	30
16	75
16	65
16	78
16	74
17	32
17	59
17	43
17	60
17	22
17	46
17	25
17	27
17	20
17	42
17	13
17	61
17	51
17	58
17	24
17	62
17	38
17	57
17	45
17	48
17	23
17	63
17	40
17	41
17	28
17	67
17	3
17	68
17	30
17	37
17	66
18	62
18	63
18	20
18	31
18	57
18	24
18	13
18	46
18	22
18	42
18	64
18	43
18	61
18	69
18	38
18	18
18	40
18	41
18	28
18	3
18	30
18	32
18	14
18	66
19	26
19	24
19	39
19	22
19	57
19	65
19	30
19	37
19	42
19	3
19	66
19	20
19	29
19	73
19	69
19	56
19	47
19	72
19	23
19	48
19	71
19	55
19	74
19	79
19	54
19	31
19	33
19	14
19	11
19	16
19	61
19	50
19	38
19	70
19	35
19	49
19	44
19	41
19	64
19	76
19	77
19	8
19	27
19	45
19	58
19	46
19	53
19	34
19	32
19	52
19	62
19	21
19	18
19	85
19	63
19	40
19	28
19	43
19	75
19	51
19	25
19	78
19	36
21	25
21	28
21	27
21	23
21	51
21	63
21	61
21	43
21	37
21	39
21	38
21	45
21	20
21	69
21	41
21	31
21	3
21	22
21	24
21	58
21	70
21	48
21	57
21	72
21	85
21	40
21	32
22	26
22	25
22	58
22	32
22	27
22	51
22	43
22	16
22	57
22	21
22	31
22	52
22	54
22	48
22	37
22	53
22	28
22	42
22	38
22	26
22	24
22	73
22	69
22	56
22	47
22	72
22	23
22	71
22	55
22	79
22	22
22	33
22	14
22	11
22	61
22	50
22	70
22	35
22	49
22	44
22	41
22	64
22	76
22	36
22	77
22	8
22	66
22	20
22	45
22	46
22	34
22	3
22	29
22	62
22	39
22	18
22	85
22	63
22	40
22	30
22	75
22	65
22	78
22	74
23	3
23	65
23	31
23	29
23	23
23	33
23	42
23	26
23	11
23	69
23	27
23	24
23	21
23	73
23	56
23	57
23	47
23	72
23	48
23	71
23	55
23	74
23	79
23	54
23	22
23	14
23	16
23	61
23	50
23	38
23	70
23	35
23	49
23	44
23	41
23	64
23	76
23	77
23	8
23	66
23	20
23	45
23	58
23	46
23	53
23	34
23	32
23	37
23	52
23	62
23	39
23	18
23	85
23	63
23	40
23	28
23	43
23	30
23	75
23	51
23	25
23	78
23	36
24	23
24	61
24	43
24	58
24	32
24	56
24	22
24	31
24	21
24	26
24	73
24	69
24	57
24	47
24	72
24	48
24	71
24	55
24	74
24	79
24	54
24	33
24	14
24	11
24	16
24	50
24	38
24	70
24	35
24	49
24	44
24	41
24	64
24	76
24	77
24	8
24	66
24	24
24	27
24	20
24	45
24	46
24	53
24	34
24	37
24	29
24	3
24	52
24	62
24	39
24	18
24	85
24	63
24	40
24	42
24	28
24	30
24	75
24	51
24	65
24	25
24	78
24	36
26	51
26	3
26	26
26	24
26	25
26	23
26	65
26	27
26	37
26	18
26	71
26	69
26	57
26	16
26	49
26	72
26	28
26	73
26	56
26	47
26	48
26	55
26	79
26	54
26	22
26	31
26	33
26	14
26	11
26	61
26	50
26	38
26	70
26	35
26	44
26	41
26	64
26	76
26	36
26	77
26	8
26	66
26	20
26	45
26	58
26	46
26	53
26	34
26	32
26	29
26	52
26	62
26	21
26	39
26	85
26	63
26	40
26	42
26	43
26	30
26	75
26	78
26	74
27	28
27	31
27	41
27	3
27	52
27	43
27	53
27	51
27	25
27	73
27	22
27	69
27	56
27	57
27	47
27	72
27	23
27	48
27	71
27	55
27	74
27	79
27	54
27	33
27	14
27	11
27	16
27	61
27	50
27	38
27	70
27	26
27	35
27	49
27	44
27	64
27	76
27	77
27	8
27	66
27	24
27	27
27	20
27	45
27	58
27	46
27	34
27	32
27	37
27	29
27	62
27	21
27	39
27	18
27	85
27	63
27	40
27	42
27	30
27	75
27	65
27	78
27	36
28	37
28	65
28	51
28	43
28	48
28	20
28	28
28	21
28	53
28	25
28	22
28	27
28	62
28	32
28	16
28	39
28	73
28	69
28	56
28	57
28	47
28	72
28	23
28	71
28	55
28	79
28	54
28	31
28	33
28	14
28	11
28	61
28	50
28	38
28	70
28	26
28	35
28	49
28	44
28	41
28	64
28	76
28	36
28	77
28	8
28	66
28	24
28	45
28	58
28	46
28	34
28	3
28	29
28	52
28	18
28	85
28	63
28	40
28	42
28	30
28	75
28	78
28	74
34	41
34	14
34	28
34	51
34	42
34	21
34	65
34	24
34	37
34	23
34	38
34	69
34	56
34	57
34	47
34	48
34	84
34	31
34	22
34	61
34	81
34	83
34	66
34	27
34	20
34	58
34	53
34	46
34	82
34	32
34	3
34	52
34	62
34	18
34	80
34	63
34	40
34	43
34	30
34	25
34	26
43	61
43	15
43	18
43	85
43	86
43	87
43	88
43	89
43	90
43	91
43	92
43	93
43	52
43	69
43	110
43	96
43	94
43	108
43	17
43	109
43	97
43	100
43	14
43	98
43	11
43	106
43	8
43	58
43	95
43	13
43	3
43	105
43	63
43	103
43	99
43	107
43	26
44	15
44	94
44	8
44	92
44	14
44	18
44	11
44	95
44	96
44	97
44	26
44	89
44	90
44	52
44	98
44	99
44	100
44	88
44	69
44	110
44	17
44	108
44	87
44	109
44	61
44	93
44	106
44	86
44	58
44	13
44	3
44	105
44	85
44	63
44	103
44	91
44	107
45	63
45	52
45	101
45	90
45	3
45	88
45	58
45	89
45	61
45	91
45	69
45	102
45	99
45	100
45	8
45	103
45	104
45	26
45	86
45	18
45	15
45	85
45	95
45	97
45	14
45	107
46	95
46	14
46	90
46	58
46	105
46	52
46	87
46	88
46	106
46	15
46	94
46	93
46	99
46	98
46	107
46	69
46	89
46	3
46	26
46	91
46	85
46	61
46	18
46	86
46	63
46	97
46	8
47	95
47	61
47	106
47	90
47	26
47	89
47	63
47	8
47	88
47	85
47	14
47	58
47	86
47	108
47	92
47	99
47	87
47	69
47	15
47	110
47	96
47	94
47	17
47	109
47	97
47	100
47	98
47	11
47	93
47	13
47	3
47	52
47	105
47	18
47	103
47	91
47	107
48	52
48	11
48	69
48	90
48	14
48	8
48	103
48	106
48	108
48	18
48	86
48	3
48	93
48	97
48	91
48	63
48	92
48	61
48	87
48	13
48	95
48	105
48	15
48	110
48	85
48	89
48	98
48	96
48	17
48	94
48	58
48	109
48	100
48	88
48	99
48	107
48	26
54	11
54	13
54	8
54	3
54	111
54	16
54	18
54	7
54	17
54	14
55	14
55	111
55	17
55	13
55	16
55	18
55	8
55	3
55	7
55	11
57	7
57	8
57	14
57	3
57	11
57	16
57	18
57	17
57	13
57	111
58	16
58	3
58	111
58	18
58	17
58	14
58	7
58	11
58	8
58	13
59	14
59	8
59	13
59	11
59	16
59	18
59	7
59	17
59	3
59	111
60	8
60	13
60	11
60	18
60	14
60	16
60	7
60	17
60	3
60	111
61	11
61	18
61	3
61	14
61	16
61	8
61	17
61	13
65	112
65	113
65	17
65	46
65	14
65	3
65	114
65	8
65	18
65	115
65	116
65	117
65	118
65	13
65	16
65	119
65	61
65	122
65	123
65	126
65	125
65	127
65	63
65	58
65	51
66	14
66	120
66	11
66	8
66	3
66	121
66	63
66	117
66	109
66	122
66	123
66	18
66	16
66	114
66	112
66	61
66	51
66	58
66	124
66	46
66	125
66	126
66	127
66	113
66	17
66	115
66	119
66	116
71	128
71	129
71	130
71	131
71	132
71	133
71	134
71	135
71	136
71	17
71	137
71	14
71	18
71	138
71	3
71	139
71	140
71	141
71	8
71	142
71	143
71	144
71	129
71	296
71	298
71	145
71	297
71	160
72	14
72	11
72	8
72	145
72	137
72	146
72	147
72	128
72	132
72	16
72	18
72	7
72	17
72	13
72	160
72	3
72	111
73	148
73	149
73	8
73	137
73	150
73	151
73	3
73	152
73	153
73	154
73	155
73	156
73	157
73	158
73	159
73	11
73	132
73	160
73	16
73	169
73	18
73	147
73	17
73	146
73	145
73	163
73	161
73	168
73	13
73	170
73	162
73	14
74	160
74	8
74	157
74	159
74	18
74	161
74	151
74	156
74	14
74	158
74	137
74	147
74	153
74	152
74	11
74	148
74	150
74	162
74	16
74	163
74	132
74	169
74	154
74	145
74	17
74	146
74	168
74	13
74	170
74	3
74	155
74	149
75	164
75	128
75	146
75	165
75	147
75	137
75	14
75	132
75	166
75	18
75	167
75	11
75	13
75	16
75	145
75	17
75	160
75	8
75	3
75	171
76	137
76	150
76	148
76	161
76	163
76	157
76	168
76	8
76	169
76	159
76	153
76	160
76	151
76	158
76	3
76	152
76	156
76	155
76	17
76	170
76	13
76	145
76	16
76	132
76	18
76	154
76	147
76	146
76	162
76	14
76	149
76	11
77	132
77	18
77	166
77	146
77	167
77	8
77	165
77	171
77	17
77	13
77	147
77	164
77	3
77	14
77	145
77	128
77	137
77	16
77	160
77	11
78	159
78	132
78	137
78	151
78	11
78	169
78	157
78	168
78	149
78	18
78	8
78	154
78	153
78	170
78	159
78	17
78	161
78	155
78	152
78	158
78	162
78	150
78	3
78	163
78	16
78	148
78	147
78	145
78	146
78	13
78	160
78	14
78	156
80	128
80	166
80	146
80	165
80	8
80	3
80	132
80	147
80	11
80	171
80	164
80	167
80	17
80	16
80	18
80	145
80	137
80	13
80	160
80	14
81	172
81	173
81	174
81	175
81	132
81	176
81	177
81	178
81	137
81	179
81	180
81	181
81	182
81	14
81	183
81	18
81	8
81	184
81	160
81	185
81	186
81	3
81	145
81	17
81	13
81	299
89	137
89	174
89	11
89	3
89	18
89	8
89	181
89	16
89	147
89	7
89	132
89	145
89	17
89	146
89	13
89	128
89	160
89	14
89	111
91	11
91	132
91	128
91	137
91	160
91	17
91	146
91	18
91	13
91	16
91	147
91	145
91	8
91	14
91	3
94	187
94	3
94	116
94	188
94	189
94	190
94	113
94	99
94	191
94	13
94	63
94	192
94	193
94	113
94	122
94	194
94	15
94	217
94	207
94	17
94	196
94	205
94	109
94	202
94	206
94	199
94	14
94	16
94	126
94	8
94	212
94	201
94	198
94	210
94	209
94	197
94	208
94	195
94	18
94	203
94	200
94	204
94	51
95	15
95	189
95	8
95	13
95	190
95	194
95	188
95	113
95	63
95	116
95	195
95	196
95	197
95	198
95	199
95	200
95	122
95	217
95	207
95	17
95	205
95	109
95	202
95	206
95	14
95	16
95	126
95	192
95	212
95	201
95	210
95	209
95	208
95	191
95	3
95	187
95	18
95	193
95	203
95	204
95	51
95	99
96	3
96	201
96	122
96	113
96	51
96	200
96	116
96	198
96	63
96	188
96	193
96	202
96	15
96	203
96	194
96	14
96	189
96	217
96	207
96	17
96	196
96	205
96	109
96	206
96	199
96	16
96	126
96	192
96	8
96	212
96	190
96	210
96	209
96	197
96	208
96	13
96	191
96	187
96	195
96	18
96	204
96	99
97	199
97	197
97	63
97	188
97	196
97	8
97	126
97	204
97	200
97	189
97	190
97	122
97	51
97	205
97	193
97	203
97	113
97	3
97	206
97	116
97	15
97	207
97	18
97	99
97	14
97	13
97	16
97	187
97	201
97	198
97	210
97	195
97	194
97	209
97	217
97	17
97	192
97	208
97	109
97	202
97	191
97	212
98	206
98	197
98	191
98	202
98	208
98	15
98	190
98	116
98	209
98	201
98	113
98	189
98	63
98	210
98	13
98	193
98	8
98	194
98	17
98	99
98	122
98	217
98	207
98	196
98	205
98	109
98	199
98	14
98	16
98	126
98	192
98	212
98	198
98	3
98	187
98	195
98	18
98	203
98	200
98	188
98	204
98	51
99	51
99	206
99	113
99	211
99	194
99	190
99	3
99	192
99	197
99	188
99	18
99	15
99	99
99	196
99	63
99	16
99	126
99	201
99	200
99	122
99	189
99	217
99	207
99	205
99	109
99	202
99	199
99	14
99	8
99	212
99	210
99	198
99	209
99	116
99	13
99	191
99	195
99	203
99	193
99	204
100	206
100	203
100	109
100	190
100	212
100	16
100	192
100	14
100	15
100	211
100	51
100	200
100	201
100	113
100	116
100	63
100	3
100	202
100	99
100	8
100	193
100	122
100	194
100	189
100	217
100	207
100	196
100	205
100	199
100	126
100	210
100	198
100	209
100	197
100	13
100	191
100	195
100	18
100	188
100	204
101	63
101	213
101	113
101	214
101	188
101	206
101	194
101	51
101	201
101	16
101	210
101	190
101	215
101	15
101	200
101	18
101	193
101	196
101	216
101	99
101	109
101	116
101	14
101	198
101	207
101	199
101	212
101	3
102	193
102	15
102	188
102	113
102	201
102	207
102	122
102	210
102	187
102	199
102	194
102	190
102	63
102	200
102	204
102	217
102	14
102	206
102	198
102	51
102	116
102	18
102	189
102	17
102	196
102	205
102	109
102	202
102	16
102	126
102	192
102	8
102	212
102	209
102	197
102	208
102	13
102	191
102	3
102	195
102	203
102	99
103	15
103	204
103	198
103	210
103	206
103	193
103	201
103	113
103	189
103	3
103	196
103	14
103	200
103	191
103	211
103	99
103	15
103	122
103	194
103	217
103	207
103	205
103	109
103	202
103	199
103	16
103	126
103	192
103	8
103	212
103	190
103	209
103	197
103	116
103	13
103	195
103	18
103	203
103	63
103	188
103	51
107	192
107	15
107	195
107	194
107	11
107	204
107	18
107	193
107	198
107	196
107	190
107	99
107	189
107	202
107	200
107	208
107	199
107	113
107	3
107	209
107	51
107	201
107	192
107	197
107	207
107	63
107	116
107	206
108	116
108	192
108	195
108	99
108	200
108	211
108	188
108	63
108	201
108	212
108	14
108	109
108	217
108	206
108	15
108	113
108	194
108	126
108	18
108	51
108	3
108	122
108	189
108	207
108	196
108	205
108	202
108	199
108	16
108	8
108	190
108	210
108	198
108	209
108	197
108	13
108	191
108	203
108	193
108	204
111	218
111	3
111	194
111	200
111	190
111	54
111	8
111	13
111	116
111	201
111	212
111	18
111	193
111	15
111	113
111	63
111	196
111	99
111	51
111	206
111	14
111	300
112	99
112	192
112	201
112	204
112	16
112	116
112	15
112	193
112	113
112	18
112	187
112	194
112	63
112	8
112	190
112	203
112	206
112	122
112	14
112	188
112	199
112	3
112	210
112	198
112	189
112	207
112	197
112	196
112	200
112	51
112	11
116	206
116	194
116	15
116	18
116	116
116	207
116	11
116	96
116	63
116	217
116	3
116	187
116	198
116	190
116	122
116	193
116	200
116	192
116	51
116	209
116	201
116	197
116	196
116	8
116	14
116	212
118	195
118	189
118	201
118	3
118	122
118	126
118	187
118	207
118	15
118	206
118	18
118	200
118	116
118	51
118	217
118	190
118	199
118	16
118	219
118	220
118	196
118	188
118	63
118	99
118	14
118	193
118	194
118	113
118	197
118	8
122	18
122	15
122	194
122	200
122	126
122	189
122	203
122	201
122	122
122	197
122	188
122	51
122	193
122	198
122	63
122	192
122	196
122	212
122	204
122	190
122	207
122	116
122	206
122	3
122	99
123	221
123	222
123	196
123	122
123	223
123	11
123	198
123	224
123	14
123	3
123	225
123	226
123	227
123	228
123	99
123	229
123	96
123	247
123	217
123	207
123	246
123	243
123	244
123	199
123	236
123	235
123	238
123	231
123	16
123	232
123	230
123	237
123	8
123	242
123	233
123	190
123	210
123	201
123	234
123	239
123	197
123	208
123	116
123	191
123	240
123	187
123	18
123	241
123	245
123	188
123	51
124	3
124	230
124	11
124	224
124	231
124	18
124	208
124	14
124	232
124	210
124	233
124	234
124	190
124	247
124	122
124	217
124	207
124	96
124	246
124	196
124	243
124	244
124	199
124	236
124	235
124	238
124	16
124	237
124	227
124	8
124	225
124	242
124	201
124	198
124	226
124	239
124	221
124	197
124	116
124	191
124	240
124	229
124	187
124	223
124	228
124	241
124	245
124	222
124	188
124	51
124	99
125	235
125	233
125	14
125	229
125	8
125	225
125	207
125	236
125	224
125	237
125	227
125	228
125	234
125	18
125	232
125	222
125	217
125	51
125	3
125	247
125	122
125	96
125	246
125	196
125	243
125	244
125	199
125	238
125	231
125	11
125	16
125	230
125	242
125	190
125	210
125	198
125	226
125	201
125	239
125	221
125	197
125	208
125	116
125	191
125	240
125	187
125	223
125	241
125	245
125	188
125	99
126	51
126	238
126	235
126	207
126	229
126	233
126	190
126	239
126	230
126	240
126	228
126	236
126	16
126	241
126	116
126	217
126	222
126	232
126	247
126	122
126	96
126	246
126	196
126	243
126	244
126	199
126	14
126	231
126	11
126	237
126	227
126	8
126	225
126	242
126	210
126	198
126	226
126	201
126	234
126	197
126	221
126	208
126	191
126	3
126	187
126	18
126	223
126	245
126	188
126	99
126	224
127	229
127	224
127	207
127	11
127	236
127	227
127	51
127	238
127	3
127	99
127	247
127	122
127	217
127	96
127	246
127	196
127	243
127	244
127	199
127	14
127	235
127	231
127	16
127	232
127	230
127	237
127	8
127	225
127	233
127	242
127	190
127	210
127	198
127	226
127	201
127	234
127	239
127	221
127	197
127	208
127	116
127	191
127	240
127	187
127	18
127	223
127	228
127	241
127	245
127	222
127	188
128	224
128	241
128	240
128	232
128	226
128	242
128	190
128	243
128	197
128	228
128	223
128	51
128	233
128	188
128	221
128	235
128	236
128	230
128	239
128	207
128	237
128	116
128	3
128	247
128	122
128	217
128	96
128	246
128	196
128	244
128	199
128	14
128	238
128	231
128	11
128	16
128	227
128	8
128	225
128	210
128	198
128	201
128	234
128	208
128	191
128	229
128	187
128	18
128	245
128	222
128	99
129	190
129	14
129	234
129	236
129	226
129	241
129	229
129	196
129	230
129	228
129	238
129	207
129	224
129	51
129	16
129	3
129	247
129	122
129	217
129	96
129	246
129	243
129	244
129	199
129	235
129	231
129	11
129	232
129	237
129	227
129	8
129	225
129	242
129	233
129	210
129	198
129	201
129	239
129	221
129	197
129	208
129	116
129	191
129	240
129	187
129	18
129	223
129	245
129	222
129	188
129	99
130	3
130	228
130	237
130	207
130	235
130	190
130	232
130	51
130	224
130	187
130	227
130	247
130	122
130	217
130	96
130	246
130	196
130	243
130	244
130	199
130	14
130	236
130	231
130	238
130	11
130	16
130	230
130	8
130	225
130	233
130	242
130	210
130	198
130	226
130	201
130	234
130	239
130	221
130	197
130	208
130	116
130	191
130	240
130	229
130	18
130	223
130	241
130	245
130	222
130	188
130	99
131	227
131	239
131	240
131	244
131	51
131	237
131	14
131	235
131	217
131	232
131	190
131	207
131	230
131	16
131	241
131	238
131	228
131	233
131	223
131	196
131	3
131	247
131	122
131	96
131	246
131	243
131	199
131	236
131	231
131	11
131	8
131	225
131	242
131	210
131	198
131	226
131	201
131	234
131	197
131	221
131	208
131	116
131	191
131	229
131	187
131	18
131	245
131	222
131	188
131	99
131	224
132	244
132	241
132	240
132	245
132	238
132	224
132	229
132	8
132	230
132	231
132	116
132	18
132	247
132	122
132	217
132	207
132	96
132	246
132	196
132	243
132	199
132	14
132	236
132	235
132	11
132	16
132	232
132	237
132	227
132	225
132	233
132	242
132	190
132	210
132	198
132	226
132	201
132	234
132	239
132	221
132	197
132	208
132	191
132	3
132	187
132	223
132	228
132	222
132	188
132	51
132	99
144	14
144	113
144	200
144	199
144	63
144	248
144	13
144	249
144	250
144	110
144	17
144	109
144	258
144	11
144	16
144	255
144	256
144	8
144	201
144	208
144	191
144	3
144	253
144	252
144	187
144	251
144	18
144	254
144	257
145	251
145	8
145	199
145	252
145	13
145	11
145	201
145	253
145	249
145	200
145	18
145	187
145	208
145	110
145	248
145	16
145	250
145	113
145	63
145	17
145	254
145	255
145	109
145	258
145	257
145	191
145	256
145	14
145	3
146	109
146	254
146	199
146	187
146	16
146	63
146	17
146	3
146	248
146	113
146	253
146	13
146	251
146	200
146	255
146	8
146	250
146	191
146	201
146	252
146	18
146	110
146	208
146	258
146	249
146	257
146	256
146	14
146	11
147	201
147	187
147	14
147	11
147	253
147	256
147	113
147	8
147	208
147	13
147	254
147	257
147	248
147	16
147	18
147	199
147	252
147	251
147	250
147	110
147	63
147	17
147	255
147	109
147	258
147	200
147	249
147	191
147	3
148	201
148	250
148	14
148	248
148	251
148	8
148	63
148	109
148	200
148	258
148	253
148	208
148	201
148	16
148	252
148	187
148	18
148	113
148	110
148	17
148	254
148	255
148	249
148	13
148	191
148	256
148	199
148	3
148	257
148	11
149	201
149	259
149	250
149	191
149	251
149	199
149	254
149	187
149	63
149	249
149	257
149	248
149	260
149	261
149	256
149	14
149	110
149	8
149	255
149	3
149	18
149	201
149	252
149	301
149	113
149	17
149	200
149	258
149	13
149	253
150	8
150	63
150	200
150	254
150	17
150	11
150	255
150	187
150	248
150	257
150	201
150	199
150	16
150	18
150	253
150	251
150	113
150	252
150	14
150	250
150	110
150	208
150	109
150	258
150	249
150	13
150	191
150	256
150	3
151	257
151	201
151	250
151	255
151	109
151	253
151	251
151	187
151	258
151	63
151	17
151	13
151	110
151	3
151	200
151	18
151	16
151	252
151	113
151	8
151	248
151	199
151	14
151	11
152	63
152	187
152	251
152	248
152	8
152	253
152	201
152	258
152	252
152	200
152	3
152	11
152	13
152	257
152	16
152	18
152	250
152	113
152	110
152	17
152	254
152	255
152	109
152	208
152	249
152	191
152	256
152	199
152	14
153	200
153	249
153	16
153	256
153	250
153	252
153	258
153	248
153	251
153	201
153	18
153	13
153	8
153	17
153	3
153	14
153	199
153	253
153	109
153	254
153	63
153	187
153	113
153	110
153	255
153	208
153	191
153	257
153	11
154	201
154	3
154	252
154	191
154	248
154	8
154	257
154	199
154	11
154	258
154	17
154	251
154	187
154	253
154	109
154	14
154	250
154	254
154	110
154	201
154	16
154	18
154	113
154	63
154	255
154	208
154	200
154	249
154	13
154	256
155	257
155	201
155	251
155	199
155	252
155	8
155	250
155	254
155	253
155	13
155	110
155	16
155	187
155	18
155	113
155	63
155	17
155	255
155	109
155	258
155	208
155	248
155	249
155	191
155	256
155	200
155	14
155	3
155	11
156	63
156	201
156	249
156	11
156	109
156	8
156	251
156	253
156	18
156	113
156	252
156	13
156	199
156	3
156	14
156	257
156	16
156	187
156	250
156	110
156	17
156	254
156	255
156	258
156	208
156	200
156	248
156	191
156	256
157	254
157	248
157	200
157	253
157	3
157	18
157	63
157	14
157	251
157	109
157	110
157	258
157	17
157	8
157	257
157	11
157	252
157	16
157	187
157	201
157	250
157	113
157	255
157	208
157	249
157	13
157	191
157	256
157	199
158	208
158	201
158	16
158	199
158	63
158	258
158	18
158	253
158	248
158	200
158	14
158	13
158	251
158	257
158	187
158	8
158	256
158	250
158	17
158	252
158	113
158	110
158	254
158	255
158	109
158	249
158	191
158	3
158	11
160	248
160	251
160	14
160	262
160	17
160	201
160	8
160	16
160	250
160	113
160	13
160	255
160	253
160	258
160	199
160	249
160	252
160	18
160	63
160	200
160	3
160	302
161	258
161	249
161	257
161	110
161	252
161	8
161	113
161	14
161	187
161	253
161	199
161	255
161	248
161	208
161	63
161	251
161	11
161	13
161	200
161	18
161	16
161	201
161	17
161	256
161	3
164	251
164	8
164	253
164	63
164	250
164	249
164	110
164	248
164	252
164	16
164	201
164	258
164	191
164	257
164	17
164	187
164	18
164	113
164	255
164	109
164	208
164	200
164	13
164	256
164	199
164	14
164	3
164	11
177	263
177	264
177	16
177	63
177	265
177	61
177	266
177	13
177	267
177	30
177	58
177	119
177	116
177	183
177	51
177	115
177	112
177	270
177	17
177	278
177	244
177	109
177	14
177	231
177	11
177	271
177	255
177	8
177	268
177	269
177	272
177	3
177	18
177	113
177	280
177	277
178	268
178	61
178	269
178	3
178	30
178	244
178	14
178	113
178	266
178	270
178	263
178	63
178	231
178	51
178	16
178	264
178	17
178	278
178	265
178	109
178	11
178	112
178	271
178	255
178	8
178	58
178	183
178	116
178	13
178	272
178	18
178	267
178	115
178	280
178	119
178	277
179	112
179	264
179	270
179	18
179	269
179	61
179	231
179	267
179	255
179	271
179	63
179	3
179	265
179	51
179	115
179	244
179	116
179	16
179	268
179	266
179	113
179	263
179	58
179	17
179	278
179	183
179	280
179	109
179	119
179	272
179	13
179	277
179	30
179	8
179	14
179	11
180	265
180	116
180	183
180	14
180	266
180	30
180	119
180	267
180	264
180	263
180	51
180	115
180	63
180	13
180	112
180	231
180	272
180	269
180	18
180	244
180	271
180	16
180	61
180	268
180	270
180	113
180	58
180	17
180	278
180	280
180	255
180	109
180	277
180	8
180	3
180	11
181	16
181	244
181	30
181	271
181	265
181	63
181	272
181	183
181	263
181	116
181	270
181	266
181	18
181	119
181	58
181	264
181	51
181	231
181	268
181	115
181	8
181	61
181	113
181	112
181	269
181	267
181	17
181	278
181	280
181	255
181	109
181	13
181	277
181	14
181	3
181	11
182	51
182	18
182	14
182	272
182	113
182	17
182	3
182	109
182	119
182	115
182	255
182	61
182	63
182	11
182	270
182	267
182	116
182	263
182	264
182	278
182	244
182	265
182	231
182	16
182	112
182	271
182	8
182	266
182	268
182	269
182	58
182	183
182	13
182	280
182	30
182	277
183	268
183	63
183	273
183	267
183	116
183	183
183	274
183	18
183	275
183	61
183	244
183	14
183	276
183	270
183	284
183	263
183	264
183	286
183	278
183	231
183	293
183	291
183	112
183	281
183	271
183	294
183	285
183	290
183	289
183	283
183	282
183	287
183	292
183	58
183	279
183	288
183	272
183	3
183	113
183	115
183	280
183	295
183	119
183	30
183	51
184	270
184	267
184	255
184	277
184	269
184	13
184	271
184	119
184	116
184	58
184	51
184	263
184	265
184	18
184	268
184	244
184	63
184	272
184	3
184	11
184	16
184	183
184	109
184	112
184	61
184	266
184	113
184	264
184	17
184	278
184	115
184	280
184	30
184	8
184	14
184	231
185	14
185	278
185	115
185	263
185	267
185	264
185	3
185	269
185	244
185	272
185	265
185	30
185	8
185	116
185	270
185	63
185	271
185	17
185	109
185	231
185	11
185	16
185	61
185	112
185	255
185	51
185	266
185	268
185	58
185	183
185	13
185	18
185	113
185	280
185	119
185	277
186	63
186	183
186	264
186	269
186	61
186	263
186	270
186	116
186	58
186	268
186	112
186	14
186	119
186	265
186	255
186	3
186	30
186	17
186	278
186	244
186	109
186	231
186	11
186	16
186	271
186	8
186	51
186	266
186	272
186	13
186	18
186	113
186	267
186	115
186	280
186	277
187	268
187	116
187	8
187	112
187	58
187	61
187	183
187	265
187	63
187	269
187	266
187	244
187	231
187	267
187	51
187	119
187	270
187	264
187	11
187	13
187	16
187	18
187	113
187	263
187	17
187	278
187	271
187	115
187	255
187	109
187	280
187	272
187	30
187	277
187	14
187	3
188	183
188	3
188	265
188	269
188	11
188	270
188	244
188	14
188	113
188	268
188	266
188	61
188	116
188	112
188	51
188	264
188	30
188	115
188	263
188	63
188	119
188	16
188	18
188	267
188	58
188	17
188	278
188	271
188	280
188	255
188	109
188	272
188	13
188	277
188	8
188	231
189	14
189	112
189	115
189	113
189	11
189	183
189	244
189	231
189	270
189	266
189	267
189	18
189	13
189	116
189	3
189	263
189	264
189	17
189	278
189	265
189	109
189	16
189	61
189	271
189	255
189	8
189	51
189	268
189	269
189	58
189	272
189	63
189	280
189	119
189	30
189	277
190	116
190	267
190	279
190	119
190	263
190	183
190	231
190	61
190	30
190	18
190	280
190	264
190	276
190	274
190	113
190	281
190	282
190	63
190	244
190	275
190	283
190	271
190	284
190	270
190	286
190	278
190	14
190	273
190	293
190	291
190	112
190	294
190	285
190	290
190	289
190	268
190	287
190	292
190	58
190	288
190	272
190	3
190	115
190	295
190	51
191	13
191	58
191	112
191	267
191	16
191	269
191	30
191	268
191	183
191	18
191	17
191	61
191	115
191	109
191	63
191	270
191	263
191	264
191	278
191	244
191	265
191	14
191	231
191	11
191	271
191	255
191	8
191	51
191	266
191	116
191	272
191	3
191	113
191	280
191	119
191	277
192	266
192	265
192	119
192	277
192	63
192	231
192	244
192	116
192	112
192	268
192	3
192	255
192	270
192	263
192	264
192	267
192	113
192	61
192	14
192	269
192	16
192	18
192	58
192	17
192	278
192	271
192	183
192	115
192	109
192	280
192	272
192	13
192	30
192	8
192	51
192	11
193	269
193	115
193	63
193	264
193	263
193	244
193	270
193	13
193	269
193	30
193	183
193	16
193	265
193	14
193	3
193	231
193	61
193	268
193	266
193	116
193	58
193	8
193	244
193	18
193	113
193	112
193	267
193	17
193	278
193	271
193	280
193	255
193	109
193	119
193	272
193	277
193	51
193	11
194	183
194	30
194	14
194	63
194	265
194	264
194	266
194	3
194	263
194	277
194	267
194	278
194	112
194	244
194	183
194	270
194	17
194	109
194	231
194	11
194	16
194	61
194	271
194	255
194	8
194	268
194	269
194	58
194	116
194	13
194	272
194	18
194	113
194	115
194	280
194	119
194	51
195	13
195	30
195	266
195	244
195	263
195	267
195	265
195	116
195	183
195	11
195	18
195	3
195	16
195	119
195	14
195	270
195	264
195	17
195	278
195	109
195	231
195	61
195	112
195	271
195	255
195	8
195	51
195	268
195	269
195	58
195	272
195	113
195	63
195	115
195	280
195	277
196	271
196	231
196	263
196	116
196	266
196	16
196	269
196	30
196	63
196	14
196	267
196	265
196	244
196	112
196	268
196	183
196	270
196	18
196	61
196	264
196	113
196	58
196	17
196	278
196	115
196	280
196	255
196	109
196	119
196	272
196	13
196	277
196	8
196	3
196	51
196	11
197	115
197	3
197	267
197	263
197	112
197	30
197	271
197	268
197	264
197	61
197	51
197	18
197	255
197	14
197	63
197	265
197	278
197	270
197	17
197	244
197	109
197	231
197	11
197	16
197	8
197	266
197	269
197	58
197	183
197	116
197	13
197	272
197	113
197	280
197	119
197	277
198	272
198	244
198	116
198	267
198	119
198	277
198	265
198	183
198	231
198	109
198	58
198	266
198	63
198	11
198	270
198	30
198	264
198	263
198	17
198	278
198	14
198	16
198	61
198	112
198	271
198	255
198	8
198	268
198	269
198	13
198	3
198	18
198	113
198	115
198	280
198	51
199	268
199	269
199	8
199	18
199	112
199	271
199	14
199	58
199	115
199	63
199	119
199	267
199	116
199	183
199	17
199	30
199	244
199	113
199	3
199	51
199	16
199	61
199	266
199	270
199	263
199	264
199	278
199	280
199	255
199	265
199	109
199	272
199	13
199	277
199	231
199	11
200	275
200	276
200	264
200	284
200	285
200	244
200	3
200	270
200	286
200	273
200	231
200	287
200	288
200	279
200	61
200	51
200	289
200	14
200	263
200	116
200	283
200	112
200	119
200	281
200	290
200	274
200	18
200	282
200	183
200	8
200	267
200	30
200	291
200	266
200	113
200	63
200	58
200	115
200	271
201	271
201	263
201	116
201	115
201	266
201	61
201	268
201	267
201	244
201	269
201	58
201	183
201	109
201	270
201	112
201	30
201	13
201	264
201	17
201	278
201	265
201	14
201	231
201	11
201	16
201	255
201	8
201	51
201	272
201	3
201	18
201	113
201	63
201	280
201	119
201	277
229	11
229	17
229	8
229	3
229	16
229	14
229	18
229	13
1	0
1	1
1	2
1	3
1	4
1	5
1	6
1	7
1	8
1	9
1	10
1	12
1	15
1	16
1	18
1	14
1	13
1	17
1	19
1	11
2	11
2	9
2	0
2	12
2	6
2	1
2	13
2	14
2	5
2	15
2	10
2	3
2	7
2	16
2	18
2	8
2	2
2	4
2	17
2	19
3	1
3	14
3	9
3	8
3	11
3	15
3	0
3	2
3	12
3	16
3	13
3	3
3	10
3	7
3	5
3	18
3	6
3	4
3	17
3	19
5	9
5	5
5	3
5	10
5	15
5	18
5	4
5	6
5	17
5	8
5	1
5	12
5	0
5	7
5	16
5	14
5	2
5	13
5	19
5	11
6	8
6	14
6	16
6	5
6	0
6	11
6	7
6	3
6	2
6	1
6	9
6	12
6	15
6	10
6	18
6	6
6	4
6	13
6	17
6	19
10	11
10	13
10	5
10	18
10	1
10	8
10	7
10	0
10	3
10	19
10	12
10	15
10	10
10	16
10	14
10	2
10	6
10	4
10	17
10	9
11	1
11	16
11	12
11	5
11	3
11	8
11	11
11	18
11	15
11	19
11	4
11	0
11	14
11	2
11	10
11	0
11	7
11	6
11	13
11	17
11	9
12	5
12	2
12	8
12	1
12	13
12	19
12	12
12	15
12	10
12	3
12	0
12	7
12	16
12	18
12	14
12	6
12	4
12	17
12	9
12	11
14	20
14	21
14	22
14	23
14	24
14	25
14	26
14	27
14	28
14	29
14	30
14	31
14	32
14	63
14	39
14	41
14	51
14	79
14	78
14	61
14	70
14	53
14	42
14	11
14	33
14	48
14	44
14	50
14	35
14	37
14	16
14	52
14	56
14	57
14	66
14	18
14	45
14	46
14	55
14	58
14	34
14	77
14	3
14	47
14	69
14	8
14	14
14	36
14	74
14	73
14	49
14	65
14	64
14	54
14	43
14	85
14	38
14	76
14	62
14	40
14	72
14	71
14	75
15	33
15	34
15	35
15	36
15	37
15	20
15	11
15	38
15	39
15	40
15	41
15	22
15	30
15	27
15	32
15	42
15	43
15	44
15	24
15	45
15	28
15	46
15	21
15	3
15	63
15	79
15	51
15	78
15	61
15	26
15	70
15	53
15	48
15	50
15	16
15	66
15	52
15	57
15	56
15	18
15	55
15	58
15	77
15	25
15	47
15	69
15	8
15	14
15	74
15	73
15	49
15	65
15	64
15	54
15	31
15	85
15	29
15	76
15	62
15	72
15	23
15	71
15	75
16	47
16	3
16	48
16	25
16	32
16	36
16	49
16	50
16	51
16	52
16	53
16	27
16	38
16	54
16	40
16	43
16	55
16	28
16	22
16	56
16	57
16	58
16	21
16	26
16	47
16	20
16	63
16	79
16	39
16	41
16	78
16	61
16	70
16	42
16	11
16	33
16	44
16	35
16	37
16	16
16	66
16	18
16	45
16	46
16	34
16	30
16	77
16	69
16	8
16	14
16	74
16	73
16	65
16	64
16	31
16	85
16	29
16	76
16	62
16	72
16	23
16	71
16	75
16	24
17	32
17	59
17	43
17	60
17	22
17	46
17	25
17	27
17	20
17	42
17	13
17	61
17	51
17	58
17	24
17	30
17	63
17	48
17	41
17	3
17	37
17	68
17	66
17	57
17	38
17	62
17	28
17	45
17	40
17	23
17	67
18	62
18	63
18	20
18	31
18	57
18	24
18	13
18	46
18	22
18	42
18	64
18	43
18	30
18	41
18	3
18	66
18	69
18	38
18	18
18	61
18	14
18	28
18	40
18	32
19	26
19	24
19	39
19	22
19	57
19	65
19	30
19	37
19	42
19	3
19	66
19	20
19	29
19	63
19	41
19	51
19	79
19	78
19	61
19	28
19	70
19	53
19	11
19	33
19	48
19	44
19	50
19	35
19	16
19	21
19	52
19	56
19	18
19	45
19	46
19	55
19	58
19	34
19	77
19	25
19	47
19	69
19	8
19	14
19	36
19	27
19	74
19	73
19	49
19	64
19	54
19	31
19	43
19	85
19	38
19	76
19	62
19	32
19	40
19	72
19	23
19	71
19	75
20	57
20	67
20	30
20	37
20	32
20	45
20	62
20	68
20	48
20	20
20	23
20	46
20	63
20	60
20	41
20	51
20	61
20	28
20	42
20	66
20	22
20	13
20	58
20	3
20	25
20	59
20	27
20	43
20	38
20	40
20	24
21	25
21	28
21	27
21	23
21	51
21	63
21	61
21	43
21	37
21	39
21	38
21	45
21	20
21	69
21	41
21	31
21	3
21	22
21	24
21	58
21	70
21	48
21	85
21	57
21	40
21	32
21	72
24	23
24	61
24	43
24	58
24	32
24	56
24	22
24	31
24	21
24	26
24	20
24	63
24	39
24	41
24	51
24	79
24	78
24	28
24	70
24	53
24	42
24	11
24	33
24	48
24	44
24	50
24	35
24	37
24	16
24	52
24	57
24	66
24	18
24	45
24	46
24	55
24	34
24	30
24	77
24	3
24	25
24	47
24	69
24	8
24	14
24	36
24	27
24	74
24	73
24	49
24	65
24	64
24	54
24	85
24	29
24	38
24	76
24	62
24	40
24	72
24	71
24	75
24	24
25	3
25	61
25	38
25	45
25	59
25	40
25	28
25	60
25	58
25	25
25	57
25	67
25	62
25	63
25	48
25	30
25	20
25	41
25	51
25	43
25	37
25	68
25	66
25	22
25	32
25	27
25	46
25	13
25	23
25	42
25	24
27	28
27	31
27	41
27	3
27	52
27	43
27	53
27	51
27	25
27	73
27	22
27	20
27	63
27	39
27	79
27	78
27	61
27	26
27	70
27	42
27	11
27	33
27	48
27	44
27	50
27	35
27	37
27	16
27	21
27	56
27	57
27	66
27	18
27	45
27	46
27	55
27	58
27	34
27	30
27	77
27	47
27	69
27	8
27	14
27	36
27	27
27	74
27	49
27	65
27	64
27	54
27	85
27	29
27	38
27	76
27	62
27	32
27	40
27	72
27	23
27	71
27	75
27	24
32	41
32	22
32	58
32	54
32	45
32	40
32	30
32	61
32	48
32	27
32	65
32	62
32	53
32	69
32	23
32	14
32	51
32	20
32	63
32	79
32	39
32	78
32	26
32	28
32	70
32	42
32	11
32	33
32	44
32	50
32	35
32	37
32	16
32	21
32	52
32	57
32	56
32	66
32	18
32	46
32	55
32	34
32	77
32	3
32	25
32	47
32	8
32	36
32	74
32	73
32	49
32	64
32	31
32	43
32	85
32	29
32	38
32	76
32	32
32	72
32	71
32	75
32	24
33	28
33	27
33	21
33	3
33	20
33	73
33	65
33	38
33	46
33	14
33	29
33	22
33	30
33	69
33	51
33	43
33	32
33	24
33	48
33	57
33	26
33	39
33	25
33	63
33	79
33	41
33	78
33	61
33	70
33	53
33	42
33	11
33	33
33	44
33	50
33	35
33	37
33	16
33	66
33	52
33	56
33	18
33	45
33	55
33	58
33	34
33	77
33	47
33	8
33	36
33	74
33	49
33	64
33	54
33	31
33	85
33	76
33	62
33	40
33	72
33	23
33	71
33	75
34	41
34	14
34	28
34	51
34	42
34	21
34	65
34	24
34	37
34	23
34	38
34	20
34	63
34	81
34	61
34	26
34	82
34	53
34	48
34	84
34	66
34	52
34	57
34	22
34	56
34	18
34	46
34	58
34	80
34	30
34	3
34	47
34	69
34	25
34	27
34	31
34	43
34	83
34	62
34	40
34	32
35	63
35	42
35	32
35	51
35	37
35	3
35	24
35	48
35	46
35	61
35	28
35	25
35	52
35	23
35	43
35	30
35	31
35	21
35	16
35	20
35	79
35	39
35	41
35	78
35	26
35	70
35	53
35	11
35	33
35	44
35	50
35	35
35	66
35	57
35	22
35	56
35	18
35	45
35	55
35	58
35	34
35	77
35	47
35	69
35	8
35	14
35	36
35	27
35	74
35	73
35	49
35	65
35	64
35	54
35	85
35	29
35	38
35	76
35	62
35	40
35	72
35	71
35	75
37	58
37	43
37	65
37	22
37	28
37	32
37	25
37	51
37	62
37	38
37	23
37	30
37	42
37	39
37	21
37	24
37	20
37	63
37	79
37	41
37	78
37	61
37	26
37	70
37	53
37	11
37	33
37	48
37	44
37	50
37	35
37	37
37	16
37	66
37	52
37	57
37	56
37	18
37	45
37	46
37	55
37	34
37	77
37	3
37	47
37	69
37	8
37	14
37	36
37	27
37	74
37	73
37	49
37	64
37	54
37	31
37	85
37	29
37	76
37	40
37	72
37	71
37	75
38	20
38	31
38	57
38	21
38	22
38	58
38	51
38	38
38	39
38	53
38	42
38	69
38	40
38	23
38	28
38	45
38	3
38	61
38	25
38	37
38	63
38	79
38	41
38	78
38	26
38	70
38	11
38	33
38	48
38	44
38	50
38	35
38	16
38	66
38	52
38	56
38	18
38	46
38	55
38	34
38	30
38	77
38	47
38	8
38	14
38	36
38	27
38	74
38	73
38	49
38	65
38	64
38	54
38	85
38	43
38	29
38	76
38	62
38	32
38	72
38	71
38	75
38	24
39	38
39	54
39	57
39	22
39	32
39	26
39	3
39	28
39	43
39	20
39	24
39	41
39	51
39	27
39	40
39	56
39	45
39	79
39	63
39	39
39	78
39	61
39	70
39	53
39	42
39	11
39	33
39	48
39	44
39	50
39	35
39	37
39	16
39	21
39	52
39	66
39	18
39	46
39	55
39	58
39	34
39	30
39	77
39	25
39	47
39	69
39	8
39	14
39	36
39	74
39	73
39	49
39	65
39	64
39	31
39	85
39	29
39	76
39	62
39	72
39	23
39	71
39	75
40	42
40	80
40	20
40	3
40	27
40	51
40	21
40	81
40	62
40	52
40	40
40	53
40	82
40	24
40	57
40	32
40	83
40	43
40	26
40	69
40	38
40	63
40	37
40	84
40	22
40	30
40	48
40	41
40	31
40	47
40	66
40	25
40	56
40	61
40	18
40	14
40	28
40	46
40	58
40	23
40	65
41	80
41	84
41	43
41	56
41	47
41	83
41	81
41	37
41	20
41	22
41	32
41	58
41	48
41	3
41	46
41	38
41	25
41	30
41	53
41	28
41	63
41	21
41	41
41	31
41	57
41	51
41	66
41	52
41	69
41	61
41	18
41	14
41	62
41	26
41	40
41	27
41	82
41	23
41	42
41	65
41	24
42	53
42	51
42	47
42	49
42	58
42	32
42	27
42	56
42	40
42	20
42	30
42	43
42	57
42	26
42	21
42	54
42	46
42	31
42	70
42	50
42	28
42	73
42	25
42	22
42	63
42	79
42	39
42	41
42	78
42	61
42	42
42	11
42	33
42	48
42	44
42	35
42	37
42	16
42	66
42	52
42	18
42	45
42	55
42	34
42	77
42	3
42	69
42	8
42	14
42	36
42	74
42	65
42	64
42	85
42	29
42	38
42	76
42	62
42	72
42	23
42	71
42	75
42	24
45	63
45	52
45	101
45	90
45	3
45	88
45	58
45	89
45	61
45	91
45	69
45	102
45	99
45	100
45	8
45	103
45	104
45	26
45	86
45	85
45	15
45	18
45	14
45	97
45	95
45	107
46	95
46	14
46	90
46	58
46	105
46	52
46	87
46	88
46	106
46	15
46	94
46	93
46	99
46	98
46	107
46	69
46	89
46	3
46	26
46	91
46	85
46	61
46	63
46	8
46	18
46	97
46	86
47	95
47	61
47	106
47	90
47	26
47	89
47	63
47	8
47	88
47	85
47	14
47	58
47	86
47	108
47	92
47	99
47	87
47	100
47	109
47	17
47	94
47	11
47	103
47	15
47	93
47	91
47	105
47	52
47	18
47	97
47	13
47	96
47	3
47	69
47	98
47	110
47	107
48	52
48	11
48	69
48	90
48	14
48	8
48	103
48	106
48	108
48	18
48	86
48	3
48	93
48	97
48	91
48	63
48	92
48	61
48	87
48	13
48	95
48	85
48	15
48	98
48	100
48	105
48	109
48	88
48	26
48	110
48	99
48	58
48	96
48	107
48	17
48	94
48	89
51	90
51	15
51	86
51	11
51	8
51	58
51	98
51	87
51	95
51	97
51	93
51	94
51	63
51	92
51	26
51	103
51	17
51	100
51	109
51	61
51	89
51	91
51	105
51	52
51	18
51	13
51	106
51	96
51	3
51	69
51	14
51	108
51	85
51	88
51	110
51	99
51	107
52	8
52	26
52	88
52	69
52	58
52	90
52	91
52	85
52	63
52	52
52	89
52	93
52	18
52	98
52	94
52	100
52	109
52	61
52	17
52	11
52	103
52	15
52	105
52	97
52	13
52	106
52	96
52	3
52	14
52	95
52	108
52	87
52	110
52	99
52	86
52	107
52	92
53	87
53	8
53	3
53	99
53	108
53	14
53	96
53	93
53	86
53	15
53	63
53	90
53	95
53	92
53	98
53	58
53	11
53	103
53	100
53	109
53	61
53	26
53	17
53	94
53	89
53	91
53	105
53	52
53	18
53	97
53	13
53	106
53	69
53	85
53	88
53	110
53	107
55	14
55	111
55	17
55	13
55	16
55	18
55	7
55	3
55	8
55	11
56	17
56	3
56	11
56	7
56	111
56	16
56	8
56	18
56	14
56	13
57	7
57	8
57	14
57	3
57	11
57	16
57	18
57	111
57	13
57	17
59	14
59	8
59	13
59	11
59	3
59	7
59	16
59	18
59	111
59	17
60	8
60	13
60	11
60	18
60	14
60	3
60	7
60	16
60	111
60	17
61	11
61	18
61	3
61	14
61	16
61	17
61	8
61	13
64	11
64	16
64	3
64	8
64	17
64	18
64	13
64	7
64	111
64	14
65	112
65	113
65	17
65	46
65	14
65	3
65	114
65	8
65	18
65	115
65	116
65	117
65	118
65	13
65	16
65	119
65	126
65	63
65	51
65	127
65	123
65	122
65	61
65	125
65	58
66	14
66	120
66	11
66	8
66	3
66	121
66	63
66	117
66	109
66	122
66	123
66	18
66	16
66	114
66	112
66	61
66	51
66	58
66	124
66	46
66	125
66	126
66	115
66	116
66	127
66	113
66	17
66	119
67	114
67	126
67	117
67	112
67	61
67	116
67	123
67	125
67	46
67	63
67	119
67	14
67	122
67	13
67	17
67	113
67	8
67	118
67	16
67	3
67	127
67	114
67	58
67	115
67	51
67	18
68	17
68	16
68	7
68	11
68	8
68	14
68	111
68	3
68	18
68	13
69	14
69	18
69	3
69	7
69	16
69	8
69	111
69	13
69	17
69	11
70	8
70	11
70	14
70	16
70	18
70	3
70	7
70	111
70	13
70	17
71	128
71	129
71	130
71	131
71	132
71	133
71	134
71	135
71	136
71	17
71	137
71	14
71	18
71	138
71	3
71	139
71	140
71	141
71	8
71	142
71	143
71	144
71	129
71	297
71	298
71	296
71	160
71	145
72	14
72	11
72	8
72	145
72	137
72	146
72	147
72	128
72	3
72	7
72	16
72	18
72	132
72	111
72	13
72	160
72	17
73	148
73	149
73	8
73	137
73	150
73	151
73	3
73	152
73	153
73	154
73	155
73	156
73	157
73	158
73	159
73	11
73	132
73	160
73	168
73	147
73	161
73	170
73	16
73	18
73	169
73	14
73	163
73	162
73	13
73	146
73	17
73	145
74	160
74	8
74	157
74	159
74	18
74	161
74	151
74	156
74	14
74	158
74	137
74	147
74	153
74	152
74	11
74	148
74	150
74	162
74	16
74	163
74	168
74	3
74	170
74	169
74	132
74	149
74	154
74	13
74	146
74	17
74	155
74	145
75	164
75	128
75	146
75	165
75	147
75	137
75	14
75	132
75	166
75	18
75	167
75	11
75	13
75	3
75	16
75	171
75	8
75	160
75	17
75	145
76	137
76	150
76	148
76	161
76	163
76	157
76	168
76	8
76	169
76	159
76	153
76	160
76	151
76	158
76	3
76	152
76	156
76	155
76	17
76	170
76	13
76	145
76	147
76	16
76	18
76	14
76	132
76	149
76	154
76	162
76	146
76	11
77	132
77	18
77	166
77	146
77	167
77	8
77	165
77	171
77	17
77	13
77	147
77	164
77	3
77	14
77	145
77	128
77	137
77	16
77	160
77	11
80	128
80	166
80	146
80	165
80	8
80	3
80	132
80	147
80	11
80	171
80	164
80	167
80	17
80	16
80	18
80	137
80	14
80	13
80	160
80	145
81	172
81	173
81	174
81	175
81	132
81	176
81	177
81	178
81	137
81	179
81	180
81	181
81	182
81	14
81	183
81	18
81	8
81	184
81	160
81	185
81	186
81	3
81	145
81	17
81	299
81	13
84	11
84	137
84	132
84	160
84	14
84	147
84	3
84	7
84	16
84	8
84	18
84	111
84	128
84	13
84	146
84	17
84	145
86	132
86	166
86	11
86	164
86	147
86	16
86	167
86	128
86	3
86	137
86	171
86	165
86	14
86	13
86	146
86	18
86	8
86	160
86	17
86	145
87	157
87	162
87	151
87	155
87	11
87	158
87	132
87	159
87	18
87	148
87	153
87	160
87	145
87	168
87	146
87	16
87	150
87	161
87	8
87	137
87	147
87	152
87	163
87	14
87	154
87	157
87	3
87	156
87	169
87	149
87	13
87	17
87	170
89	137
89	174
89	11
89	3
89	18
89	8
89	181
89	16
89	147
89	7
89	132
89	14
89	111
89	128
89	13
89	160
89	146
89	17
89	145
90	160
90	111
90	132
90	7
90	8
90	174
90	181
90	3
90	145
90	13
90	147
90	16
90	18
90	14
90	128
90	137
90	146
90	17
90	11
91	11
91	132
91	128
91	137
91	160
91	17
91	146
91	18
91	13
91	147
91	3
91	16
91	8
91	14
91	145
92	169
92	154
92	168
92	156
92	151
92	152
92	18
92	149
92	159
92	160
92	155
92	137
92	162
92	158
92	132
92	163
92	14
92	11
92	17
92	150
92	170
92	157
92	153
92	8
92	147
92	3
92	161
92	16
92	148
92	13
92	146
92	145
93	128
93	160
93	137
93	146
93	145
93	11
93	14
93	132
93	7
93	111
93	147
93	3
93	16
93	18
93	8
93	13
93	17
94	187
94	3
94	116
94	188
94	189
94	190
94	113
94	99
94	191
94	13
94	63
94	192
94	193
94	113
94	200
94	126
94	196
94	51
94	109
94	201
94	195
94	205
94	17
94	15
94	16
94	18
94	207
94	206
94	202
94	209
94	208
94	212
94	8
94	197
94	14
94	198
94	199
94	194
94	204
94	122
94	203
94	210
94	217
95	15
95	189
95	8
95	13
95	190
95	194
95	188
95	113
95	63
95	116
95	195
95	196
95	197
95	198
95	199
95	200
95	126
95	51
95	109
95	192
95	201
95	205
95	17
95	16
95	18
95	207
95	206
95	202
95	209
95	3
95	208
95	212
95	14
95	204
95	193
95	122
95	203
95	210
95	187
95	99
95	191
95	217
97	199
97	197
97	63
97	188
97	196
97	8
97	126
97	204
97	200
97	189
97	190
97	122
97	51
97	205
97	193
97	203
97	113
97	3
97	206
97	116
97	15
97	207
97	18
97	99
97	14
97	13
97	209
97	208
97	212
97	16
97	109
97	192
97	210
97	201
97	198
97	187
97	195
97	194
97	191
97	202
97	17
97	217
98	206
98	197
98	191
98	202
98	208
98	15
98	190
98	116
98	209
98	201
98	113
98	189
98	63
98	210
98	13
98	193
98	8
98	194
98	17
98	99
98	200
98	126
98	196
98	51
98	188
98	109
98	192
98	195
98	205
98	16
98	18
98	207
98	3
98	212
98	14
98	198
98	199
98	204
98	122
98	203
98	187
98	217
100	206
100	203
100	109
100	190
100	212
100	16
100	192
100	14
100	15
100	211
100	51
100	200
100	201
100	113
100	116
100	63
100	3
100	202
100	99
100	8
100	193
100	126
100	196
100	188
100	195
100	205
100	189
100	18
100	13
100	207
100	209
100	197
100	198
100	199
100	194
100	204
100	122
100	210
100	191
100	217
101	63
101	213
101	113
101	214
101	188
101	206
101	194
101	51
101	201
101	16
101	210
101	190
101	215
101	15
101	200
101	18
101	193
101	196
101	216
101	99
101	109
101	116
101	14
101	3
101	212
101	198
101	199
101	207
102	193
102	15
102	188
102	113
102	201
102	207
102	122
102	210
102	187
102	199
102	194
102	190
102	63
102	200
102	204
102	217
102	14
102	206
102	198
102	51
102	116
102	18
102	189
102	126
102	196
102	109
102	192
102	195
102	205
102	17
102	16
102	13
102	202
102	209
102	3
102	208
102	212
102	8
102	197
102	203
102	99
102	191
103	15
103	204
103	198
103	210
103	206
103	193
103	201
103	113
103	189
103	3
103	196
103	14
103	200
103	191
103	211
103	99
103	15
103	126
103	63
103	51
103	190
103	188
103	109
103	192
103	195
103	205
103	16
103	18
103	13
103	207
103	202
103	209
103	212
103	8
103	197
103	199
103	194
103	116
103	122
103	203
103	217
107	192
107	15
107	195
107	194
107	11
107	204
107	18
107	193
107	198
107	196
107	190
107	99
107	189
107	202
107	200
107	208
107	199
107	113
107	3
107	209
107	51
107	201
107	192
107	63
107	116
107	197
107	207
107	206
111	218
111	3
111	194
111	200
111	190
111	54
111	8
111	13
111	116
111	201
111	212
111	63
111	196
111	51
111	15
111	18
111	300
111	14
111	99
111	113
111	206
111	193
112	99
112	192
112	201
112	204
112	16
112	116
112	15
112	193
112	113
112	18
112	187
112	194
112	63
112	8
112	190
112	203
112	206
112	122
112	14
112	188
112	199
112	3
112	200
112	196
112	51
112	189
112	197
112	210
112	198
112	207
112	11
113	51
113	99
113	217
113	202
113	200
113	113
113	188
113	205
113	211
113	63
113	15
113	190
113	16
113	3
113	13
113	126
113	196
113	109
113	192
113	201
113	195
113	189
113	18
113	207
113	206
113	209
113	212
113	8
113	197
113	14
113	198
113	199
113	194
113	204
113	193
113	116
113	122
113	203
113	210
113	191
114	15
114	200
114	18
114	201
114	188
114	196
114	203
114	51
114	193
114	14
114	199
114	63
114	210
114	113
114	116
114	3
114	126
114	190
114	109
114	192
114	195
114	205
114	17
114	189
114	16
114	13
114	207
114	206
114	202
114	209
114	208
114	212
114	8
114	197
114	198
114	194
114	204
114	122
114	187
114	99
114	191
114	217
115	63
115	194
115	199
115	122
115	11
115	207
115	206
115	116
115	15
115	190
115	51
115	198
115	193
115	18
115	99
115	189
115	210
115	200
115	196
115	3
115	16
115	188
115	8
115	192
115	14
115	197
115	203
115	201
115	187
115	113
115	204
116	206
116	194
116	15
116	18
116	116
116	207
116	11
116	96
116	63
116	217
116	3
116	187
116	198
116	190
116	122
116	193
116	200
116	192
116	51
116	209
116	196
116	212
116	8
116	197
116	14
116	201
117	113
117	196
117	212
117	3
117	211
117	189
117	99
117	202
117	206
117	15
117	63
117	200
117	190
117	188
117	51
117	201
117	14
117	203
117	192
117	109
117	126
117	195
117	205
117	16
117	18
117	13
117	207
117	209
117	8
117	197
117	198
117	199
117	194
117	204
117	193
117	116
117	122
117	210
117	191
117	217
118	195
118	189
118	201
118	3
118	122
118	126
118	187
118	207
118	15
118	206
118	18
118	200
118	116
118	51
118	217
118	190
118	199
118	16
118	219
118	220
118	196
118	188
118	63
118	99
118	14
118	8
118	197
118	194
118	113
118	193
119	197
119	208
119	3
119	202
119	196
119	192
119	116
119	113
119	188
119	201
119	199
119	63
119	203
119	193
119	99
119	187
119	198
119	207
119	126
119	200
119	51
119	190
119	109
119	195
119	205
119	17
119	15
119	189
119	16
119	18
119	13
119	206
119	209
119	212
119	8
119	14
119	194
119	204
119	122
119	210
119	191
119	217
121	198
121	189
121	199
121	51
121	63
121	207
121	204
121	15
121	205
121	13
121	116
121	196
121	113
121	190
121	200
121	3
121	194
121	210
121	188
121	18
121	206
121	99
121	126
121	109
121	192
121	201
121	195
121	17
121	16
121	202
121	209
121	208
121	212
121	8
121	197
121	14
121	193
121	122
121	203
121	187
121	191
121	217
122	18
122	15
122	194
122	200
122	126
122	189
122	203
122	201
122	122
122	197
122	188
122	51
122	193
122	198
122	63
122	192
122	196
122	212
122	204
122	116
122	3
122	190
122	99
122	207
122	206
123	221
123	222
123	196
123	122
123	223
123	11
123	198
123	224
123	14
123	3
123	225
123	226
123	227
123	228
123	99
123	229
123	96
123	235
123	51
123	190
123	188
123	246
123	247
123	201
123	244
123	245
123	233
123	232
123	241
123	230
123	231
123	16
123	18
123	207
123	208
123	8
123	240
123	197
123	243
123	199
123	234
123	237
123	116
123	238
123	236
123	210
123	242
123	187
123	191
123	217
123	239
124	3
124	230
124	11
124	224
124	231
124	18
124	208
124	14
124	232
124	210
124	233
124	234
124	190
124	196
124	235
124	51
124	188
124	225
124	246
124	247
124	201
124	244
124	245
124	241
124	226
124	16
124	96
124	207
124	8
124	240
124	197
124	229
124	221
124	198
124	243
124	199
124	227
124	223
124	237
124	228
124	116
124	238
124	236
124	222
124	122
124	242
124	187
124	99
124	191
124	217
124	239
125	235
125	233
125	14
125	229
125	8
125	225
125	207
125	236
125	224
125	237
125	227
125	228
125	234
125	18
125	232
125	222
125	217
125	51
125	3
125	196
125	190
125	188
125	246
125	247
125	201
125	244
125	245
125	11
125	241
125	226
125	230
125	231
125	16
125	96
125	208
125	240
125	197
125	221
125	198
125	243
125	199
125	223
125	116
125	238
125	122
125	210
125	242
125	187
125	99
125	191
125	239
126	51
126	238
126	235
126	207
126	229
126	233
126	190
126	239
126	230
126	240
126	228
126	236
126	16
126	241
126	116
126	217
126	222
126	232
126	196
126	188
126	225
126	246
126	247
126	201
126	244
126	245
126	224
126	11
126	226
126	231
126	18
126	96
126	3
126	208
126	8
126	14
126	197
126	221
126	198
126	243
126	199
126	227
126	223
126	234
126	237
126	122
126	210
126	242
126	187
126	99
126	191
129	190
129	14
129	234
129	236
129	226
129	241
129	229
129	196
129	230
129	228
129	238
129	207
129	224
129	51
129	16
129	3
129	235
129	188
129	225
129	246
129	247
129	201
129	244
129	245
129	233
129	232
129	11
129	231
129	18
129	96
129	208
129	8
129	240
129	197
129	221
129	198
129	243
129	199
129	227
129	223
129	237
129	116
129	222
129	122
129	210
129	242
129	187
129	99
129	191
129	217
129	239
130	3
130	228
130	237
130	207
130	235
130	190
130	232
130	51
130	224
130	187
130	227
130	196
130	188
130	225
130	246
130	247
130	201
130	244
130	233
130	245
130	11
130	241
130	226
130	230
130	231
130	16
130	18
130	96
130	208
130	8
130	14
130	240
130	197
130	229
130	221
130	198
130	243
130	199
130	223
130	234
130	116
130	238
130	236
130	222
130	122
130	210
130	242
130	99
130	191
130	217
130	239
136	196
136	8
136	14
136	243
136	232
136	241
136	230
136	221
136	223
136	245
136	233
136	229
136	224
136	201
136	198
136	239
136	18
136	235
136	51
136	190
136	188
136	225
136	246
136	247
136	244
136	11
136	226
136	231
136	16
136	96
136	207
136	3
136	208
136	240
136	197
136	199
136	227
136	234
136	228
136	237
136	116
136	238
136	236
136	222
136	122
136	210
136	242
136	187
136	99
136	191
136	217
137	221
137	116
137	51
137	18
137	243
137	226
137	14
137	224
137	239
137	235
137	240
137	188
137	223
137	196
137	190
137	246
137	225
137	247
137	201
137	244
137	245
137	233
137	232
137	11
137	241
137	230
137	231
137	16
137	96
137	207
137	3
137	208
137	8
137	197
137	229
137	198
137	199
137	227
137	234
137	228
137	237
137	238
137	236
137	222
137	122
137	210
137	242
137	187
137	99
137	191
137	217
138	238
138	224
138	232
138	196
138	51
138	217
138	190
138	231
138	244
138	229
138	228
138	116
138	16
138	3
138	235
138	188
138	225
138	246
138	247
138	201
138	245
138	233
138	11
138	241
138	226
138	230
138	18
138	96
138	207
138	208
138	8
138	14
138	240
138	197
138	221
138	198
138	243
138	199
138	227
138	223
138	234
138	237
138	236
138	222
138	122
138	210
138	242
138	187
138	99
138	191
138	239
139	241
139	224
139	8
139	227
139	201
139	51
139	235
139	14
139	190
139	232
139	225
139	238
139	229
139	122
139	207
139	196
139	188
139	246
139	247
139	244
139	245
139	233
139	11
139	226
139	230
139	231
139	16
139	18
139	96
139	3
139	208
139	240
139	197
139	221
139	198
139	243
139	199
139	223
139	234
139	228
139	237
139	116
139	236
139	222
139	210
139	242
139	187
139	99
139	191
139	217
139	239
141	243
141	229
141	99
141	241
141	3
141	247
141	223
141	221
141	224
141	187
141	188
141	190
141	196
141	16
141	233
141	14
141	238
141	232
141	235
141	51
141	246
141	225
141	201
141	244
141	245
141	11
141	226
141	230
141	231
141	18
141	96
141	207
141	208
141	8
141	240
141	197
141	198
141	199
141	227
141	234
141	228
141	237
141	116
141	236
141	222
141	122
141	210
141	242
141	191
141	217
141	239
142	229
142	227
142	190
142	241
142	3
142	246
142	240
142	14
142	201
142	228
142	116
142	238
142	224
142	236
142	243
142	233
142	208
142	51
142	232
142	196
142	235
142	188
142	225
142	247
142	244
142	245
142	11
142	226
142	230
142	231
142	16
142	18
142	96
142	207
142	8
142	197
142	221
142	198
142	199
142	223
142	234
142	237
142	222
142	122
142	210
142	242
142	187
142	99
142	191
142	217
142	239
143	225
143	224
143	228
143	14
143	51
143	235
143	233
143	232
143	229
143	221
143	188
143	196
143	190
143	246
143	247
143	201
143	244
143	245
143	11
143	241
143	226
143	230
143	231
143	16
143	18
143	96
143	207
143	3
143	208
143	8
143	240
143	197
143	198
143	243
143	199
143	227
143	223
143	234
143	237
143	116
143	238
143	236
143	222
143	122
143	210
143	242
143	187
143	99
143	191
143	217
143	239
144	14
144	113
144	200
144	199
144	63
144	248
144	13
144	249
144	250
144	254
144	109
144	201
144	17
144	11
144	16
144	18
144	257
144	255
144	3
144	252
144	208
144	256
144	251
144	8
144	253
144	187
144	110
144	258
144	191
145	251
145	8
145	199
145	252
145	13
145	11
145	201
145	253
145	249
145	200
145	18
145	187
145	208
145	110
145	248
145	63
145	254
145	3
145	250
145	16
145	256
145	109
145	257
145	14
145	255
145	258
145	191
145	113
145	17
146	109
146	254
146	199
146	187
146	16
146	63
146	17
146	3
146	248
146	113
146	253
146	13
146	251
146	200
146	255
146	8
146	250
146	191
146	201
146	208
146	252
146	256
146	18
146	257
146	14
146	249
146	110
146	258
146	11
147	201
147	187
147	14
147	11
147	253
147	256
147	113
147	8
147	208
147	13
147	254
147	257
147	248
147	16
147	18
147	199
147	200
147	63
147	3
147	252
147	250
147	251
147	109
147	249
147	255
147	110
147	258
147	191
147	17
148	201
148	250
148	14
148	248
148	251
148	8
148	63
148	109
148	200
148	258
148	253
148	208
148	201
148	254
148	3
148	252
148	256
148	16
148	18
148	257
148	249
148	255
148	187
148	199
148	13
148	110
148	191
148	113
148	17
148	11
149	201
149	259
149	250
149	191
149	251
149	199
149	254
149	187
149	63
149	249
149	257
149	248
149	260
149	261
149	256
149	14
149	110
149	8
149	255
149	3
149	18
149	201
149	200
149	301
149	252
149	253
149	258
149	13
149	113
149	17
150	8
150	63
150	200
150	254
150	17
150	11
150	255
150	187
150	248
150	257
150	201
150	199
150	16
150	18
150	253
150	251
150	113
150	252
150	14
150	3
150	208
150	250
150	256
150	109
150	249
150	110
150	258
150	13
150	191
151	257
151	201
151	250
151	255
151	109
151	253
151	251
151	187
151	258
151	63
151	17
151	13
151	110
151	3
151	200
151	18
151	248
151	252
151	16
151	8
151	14
151	199
151	113
151	11
152	63
152	187
152	251
152	248
152	8
152	253
152	201
152	258
152	252
152	200
152	3
152	11
152	13
152	257
152	254
152	208
152	250
152	16
152	256
152	109
152	18
152	14
152	249
152	255
152	110
152	199
152	191
152	113
152	17
153	200
153	249
153	16
153	256
153	250
153	252
153	258
153	248
153	251
153	201
153	18
153	13
153	8
153	17
153	3
153	14
153	199
153	253
153	109
153	254
153	63
153	208
153	257
153	255
153	187
153	110
153	191
153	113
153	11
155	257
155	201
155	251
155	199
155	252
155	8
155	250
155	254
155	253
155	13
155	110
155	200
155	63
155	248
155	3
155	208
155	256
155	16
155	109
155	18
155	14
155	249
155	255
155	187
155	258
155	191
155	113
155	17
155	11
156	63
156	201
156	249
156	11
156	109
156	8
156	251
156	253
156	18
156	113
156	252
156	13
156	199
156	3
156	14
156	257
156	200
156	254
156	248
156	208
156	250
156	16
156	256
156	255
156	187
156	110
156	258
156	191
156	17
157	254
157	248
157	200
157	253
157	3
157	18
157	63
157	14
157	251
157	109
157	110
157	258
157	17
157	8
157	257
157	11
157	252
157	208
157	250
157	16
157	256
157	249
157	201
157	255
157	187
157	199
157	13
157	191
157	113
160	248
160	251
160	14
160	262
160	17
160	201
160	8
160	16
160	250
160	113
160	13
160	255
160	253
160	258
160	199
160	249
160	200
160	63
160	3
160	252
160	302
160	18
161	258
161	249
161	257
161	110
161	252
161	8
161	113
161	14
161	187
161	253
161	199
161	255
161	248
161	208
161	63
161	251
161	11
161	13
161	200
161	18
161	3
161	256
161	16
161	201
161	17
164	251
164	8
164	253
164	63
164	250
164	249
164	110
164	248
164	252
164	16
164	201
164	258
164	191
164	257
164	17
164	200
164	3
164	208
164	256
164	109
164	18
164	14
164	255
164	187
164	199
164	13
164	113
164	11
166	250
166	110
166	187
166	252
166	109
166	248
166	208
166	18
166	17
166	251
166	199
166	16
166	63
166	253
166	201
166	256
166	14
166	8
166	257
166	249
166	201
166	200
166	254
166	3
166	255
166	258
166	13
166	191
166	113
166	11
167	252
167	14
167	18
167	253
167	257
167	3
167	110
167	251
167	249
167	113
167	200
167	63
167	250
167	254
167	258
167	248
167	8
167	208
167	256
167	16
167	109
167	201
167	255
167	187
167	199
167	13
167	191
167	17
167	11
168	248
168	249
168	258
168	18
168	14
168	251
168	208
168	8
168	253
168	256
168	16
168	187
168	17
168	3
168	257
168	252
168	11
168	201
168	200
168	63
168	250
168	109
168	255
168	110
168	199
168	13
168	191
168	113
169	208
169	199
169	200
169	187
169	110
169	254
169	18
169	63
169	252
169	249
169	8
169	17
169	256
169	250
169	191
169	248
169	3
169	16
169	251
169	109
169	257
169	14
169	253
169	201
169	255
169	258
169	13
169	113
169	11
170	258
170	3
170	13
170	253
170	113
170	249
170	8
170	248
170	187
170	199
170	18
170	254
170	200
170	63
170	252
170	250
170	16
170	208
170	256
170	109
170	251
170	257
170	14
170	201
170	255
170	110
170	191
170	17
170	11
171	251
171	255
171	11
171	249
171	63
171	258
171	252
171	14
171	256
171	16
171	8
171	18
171	200
171	254
171	248
171	3
171	208
171	250
171	109
171	257
171	253
171	201
171	187
171	110
171	199
171	13
171	191
171	113
171	17
175	253
175	248
175	187
175	257
175	13
175	17
175	208
175	11
175	251
175	200
175	258
175	110
175	252
175	201
175	63
175	255
175	113
175	254
175	3
175	250
175	16
175	256
175	109
175	18
175	8
175	14
175	249
175	199
175	191
178	268
178	61
178	269
178	3
178	30
178	244
178	14
178	113
178	266
178	270
178	263
178	63
178	231
178	51
178	16
178	109
178	277
178	183
178	17
178	119
178	11
178	264
178	18
178	255
178	13
178	267
178	58
178	112
178	280
178	8
178	115
178	265
178	116
178	278
178	271
178	272
179	112
179	264
179	270
179	18
179	269
179	61
179	231
179	267
179	255
179	271
179	63
179	3
179	265
179	51
179	115
179	244
179	116
179	16
179	268
179	30
179	263
179	280
179	278
179	109
179	8
179	272
179	14
179	266
179	13
179	58
179	277
179	183
179	113
179	17
179	119
179	11
180	265
180	116
180	183
180	14
180	266
180	30
180	119
180	267
180	264
180	263
180	51
180	115
180	63
180	13
180	112
180	231
180	272
180	269
180	18
180	244
180	271
180	268
180	3
180	280
180	278
180	16
180	270
180	109
180	61
180	8
180	255
180	58
180	277
180	113
180	17
180	11
182	51
182	18
182	14
182	272
182	113
182	17
182	3
182	109
182	119
182	115
182	255
182	61
182	63
182	11
182	270
182	267
182	116
182	244
182	277
182	183
182	264
182	268
182	231
182	16
182	13
182	58
182	112
182	30
182	263
182	280
182	8
182	266
182	265
182	269
182	278
182	271
183	268
183	63
183	273
183	267
183	116
183	183
183	274
183	18
183	275
183	61
183	244
183	14
183	276
183	51
183	285
183	119
183	264
183	293
183	231
183	289
183	295
183	58
183	292
183	112
183	30
183	281
183	294
183	263
183	280
183	3
183	270
183	288
183	290
183	282
183	287
183	271
183	113
183	283
183	115
183	279
183	291
183	278
183	284
183	286
183	272
184	270
184	267
184	255
184	277
184	269
184	13
184	271
184	119
184	116
184	58
184	51
184	263
184	265
184	18
184	268
184	244
184	63
184	272
184	3
184	11
184	16
184	183
184	109
184	112
184	30
184	115
184	280
184	231
184	61
184	8
184	14
184	266
184	278
184	113
184	17
184	264
185	14
185	278
185	115
185	263
185	267
185	264
185	3
185	269
185	244
185	272
185	265
185	30
185	8
185	116
185	270
185	63
185	271
185	51
185	109
185	61
185	277
185	183
185	17
185	119
185	11
185	268
185	231
185	16
185	18
185	255
185	13
185	58
185	112
185	280
185	266
185	113
186	63
186	183
186	264
186	269
186	61
186	263
186	270
186	116
186	58
186	268
186	112
186	14
186	119
186	265
186	255
186	3
186	30
186	51
186	109
186	244
186	277
186	17
186	11
186	231
186	16
186	18
186	13
186	267
186	280
186	8
186	266
186	113
186	115
186	278
186	271
186	272
187	268
187	116
187	8
187	112
187	58
187	61
187	183
187	265
187	63
187	269
187	266
187	244
187	231
187	267
187	51
187	119
187	270
187	264
187	11
187	13
187	30
187	115
187	263
187	3
187	280
187	16
187	109
187	18
187	14
187	271
187	255
187	278
187	277
187	113
187	17
187	272
188	183
188	3
188	265
188	269
188	11
188	270
188	244
188	14
188	113
188	268
188	266
188	61
188	116
188	112
188	51
188	264
188	30
188	115
188	263
188	63
188	119
188	13
188	280
188	278
188	231
188	16
188	109
188	18
188	8
188	271
188	255
188	267
188	58
188	277
188	17
188	272
189	14
189	112
189	115
189	113
189	11
189	183
189	244
189	231
189	270
189	266
189	267
189	18
189	13
189	116
189	3
189	63
189	51
189	109
189	61
189	277
189	17
189	119
189	264
189	268
189	16
189	255
189	58
189	30
189	263
189	280
189	8
189	265
189	269
189	278
189	271
189	272
190	116
190	267
190	279
190	119
190	263
190	183
190	231
190	61
190	30
190	18
190	280
190	264
190	276
190	274
190	113
190	281
190	282
190	63
190	244
190	275
190	283
190	271
190	284
190	51
190	285
190	268
190	293
190	289
190	273
190	295
190	58
190	292
190	112
190	294
190	3
190	270
190	14
190	288
190	290
190	287
190	115
190	291
190	278
190	286
190	272
191	13
191	58
191	112
191	267
191	16
191	269
191	30
191	268
191	183
191	18
191	17
191	61
191	115
191	109
191	63
191	51
191	244
191	277
191	119
191	11
191	264
191	231
191	255
191	263
191	3
191	280
191	270
191	8
191	14
191	266
191	113
191	265
191	116
191	278
191	271
191	272
192	266
192	265
192	119
192	277
192	63
192	231
192	244
192	116
192	112
192	268
192	3
192	255
192	270
192	263
192	264
192	267
192	113
192	61
192	14
192	269
192	30
192	115
192	51
192	280
192	278
192	16
192	109
192	18
192	8
192	272
192	13
192	58
192	271
192	183
192	17
192	11
193	269
193	115
193	63
193	264
193	263
193	244
193	270
193	13
193	269
193	30
193	183
193	16
193	265
193	14
193	3
193	231
193	61
193	268
193	266
193	116
193	58
193	8
193	244
193	51
193	280
193	109
193	18
193	272
193	271
193	255
193	267
193	278
193	277
193	113
193	112
193	17
193	119
193	11
194	183
194	30
194	14
194	63
194	265
194	264
194	266
194	3
194	263
194	277
194	267
194	278
194	112
194	244
194	183
194	51
194	109
194	61
194	17
194	119
194	11
194	268
194	231
194	16
194	18
194	255
194	13
194	58
194	280
194	270
194	8
194	113
194	115
194	116
194	269
194	271
194	272
195	13
195	30
195	266
195	244
195	263
195	267
195	265
195	116
195	183
195	11
195	18
195	3
195	16
195	119
195	14
195	270
195	63
195	51
195	109
195	61
195	277
195	17
195	264
195	268
195	231
195	255
195	58
195	112
195	280
195	8
195	113
195	115
195	269
195	278
195	271
195	272
196	271
196	231
196	263
196	116
196	266
196	16
196	269
196	30
196	63
196	14
196	267
196	265
196	244
196	112
196	268
196	183
196	270
196	18
196	61
196	264
196	115
196	51
196	3
196	280
196	278
196	109
196	8
196	272
196	255
196	13
196	58
196	277
196	113
196	17
196	119
196	11
200	275
200	276
200	264
200	284
200	285
200	244
200	3
200	270
200	286
200	273
200	231
200	287
200	288
200	279
200	61
200	51
200	289
200	14
200	263
200	116
200	283
200	112
200	119
200	281
200	290
200	274
200	18
200	282
200	183
200	8
200	267
200	30
200	291
200	63
200	115
200	266
200	58
200	271
200	113
208	265
208	183
208	63
208	268
208	266
208	263
208	109
208	278
208	113
208	270
208	11
208	244
208	14
208	112
208	51
208	61
208	277
208	17
208	119
208	264
208	231
208	16
208	18
208	255
208	13
208	267
208	58
208	30
208	3
208	280
208	8
208	115
208	116
208	269
208	271
208	272
210	183
210	263
210	278
210	244
210	270
210	112
210	8
210	113
210	231
210	115
210	14
210	58
210	264
210	63
210	51
210	265
210	3
210	119
210	116
210	30
210	266
210	267
210	183
210	268
210	269
210	280
210	16
210	109
210	61
210	18
210	272
210	271
210	255
210	13
210	277
210	17
210	11
212	272
212	58
212	267
212	51
212	265
212	271
212	183
212	13
212	61
212	244
212	255
212	116
212	63
212	266
212	231
212	30
212	264
212	278
212	113
212	115
212	268
212	269
212	263
212	3
212	280
212	16
212	270
212	109
212	18
212	8
212	14
212	277
212	112
212	17
212	119
212	11
215	14
215	271
215	61
215	265
215	119
215	264
215	112
215	269
215	270
215	116
215	63
215	244
215	183
215	58
215	30
215	255
215	263
215	113
215	115
215	268
215	13
215	51
215	3
215	280
215	231
215	16
215	109
215	18
215	8
215	272
215	266
215	267
215	278
215	277
215	17
215	11
216	270
216	63
216	183
216	3
216	244
216	271
216	263
216	14
216	119
216	265
216	51
216	109
216	61
216	277
216	17
216	11
216	264
216	268
216	231
216	16
216	18
216	255
216	13
216	267
216	58
216	112
216	30
216	280
216	8
216	266
216	113
216	115
216	116
216	269
216	278
216	272
218	30
218	61
218	255
218	116
218	272
218	278
218	63
218	109
218	112
218	119
218	115
218	13
218	231
218	14
218	266
218	267
218	263
218	264
218	3
218	8
218	244
218	18
218	265
218	183
218	270
218	268
218	269
218	51
218	280
218	16
218	271
218	58
218	277
218	113
218	17
218	11
219	116
219	263
219	63
219	183
219	269
219	18
219	270
219	14
219	119
219	267
219	277
219	3
219	278
219	264
219	8
219	61
219	51
219	109
219	244
219	17
219	11
219	268
219	231
219	16
219	255
219	13
219	58
219	112
219	30
219	280
219	266
219	113
219	115
219	265
219	271
219	272
221	278
221	8
221	264
221	116
221	271
221	265
221	112
221	255
221	266
221	183
221	51
221	119
221	30
221	14
221	231
221	263
221	61
221	278
221	63
221	109
221	244
221	277
221	17
221	11
221	268
221	16
221	18
221	13
221	267
221	58
221	3
221	280
221	270
221	113
221	115
221	269
221	272
223	183
223	116
223	30
223	244
223	274
223	113
223	267
223	271
223	282
223	119
223	291
223	275
223	281
223	279
223	112
223	264
223	266
223	276
223	63
223	288
223	51
223	61
223	231
223	289
223	273
223	18
223	58
223	3
223	263
223	270
223	8
223	14
223	290
223	287
223	283
223	115
223	284
223	286
223	285
224	112
224	270
224	268
224	116
224	30
224	231
224	264
224	269
224	271
224	51
224	63
224	183
224	115
224	280
224	267
224	3
224	263
224	113
224	265
224	278
224	16
224	109
224	61
224	18
224	8
224	14
224	272
224	255
224	244
224	13
224	58
224	277
224	266
224	17
224	119
224	11
225	265
225	268
225	30
225	244
225	269
225	63
225	13
225	119
225	280
225	11
225	231
225	14
225	183
225	264
225	271
225	272
225	116
225	267
225	61
225	244
225	115
225	51
225	263
225	3
225	278
225	16
225	270
225	109
225	18
225	8
225	255
225	266
225	58
225	277
225	113
225	17
225	112
226	61
226	119
226	264
226	8
226	17
226	30
226	272
226	269
226	14
226	244
226	115
226	63
226	51
226	116
226	109
226	277
226	183
226	11
226	268
226	231
226	16
226	18
226	255
226	13
226	267
226	58
226	112
226	263
226	3
226	280
226	270
226	266
226	113
226	265
226	278
226	271
227	30
227	14
227	283
227	276
227	289
227	267
227	231
227	282
227	30
227	285
227	273
227	294
227	183
227	116
227	291
227	279
227	295
227	263
227	119
227	51
227	244
227	63
227	112
227	3
227	270
227	61
227	264
227	268
227	293
227	18
227	58
227	292
227	281
227	280
227	288
227	290
227	274
227	287
227	271
227	113
227	115
227	275
227	278
227	284
227	286
227	272
228	119
228	269
228	113
228	271
228	264
228	3
228	116
228	115
228	266
228	30
228	112
228	270
228	183
228	244
228	263
228	16
228	265
228	63
228	267
228	255
228	268
228	51
228	280
228	278
228	231
228	109
228	61
228	18
228	8
228	14
228	272
228	13
228	58
228	277
228	17
228	11
229	11
229	17
229	8
229	3
229	16
229	13
229	18
229	14
